{
  "params": {
    "heads": 32,
    "groups": 8,
    "kv_seqlen": 65536,
    "dim": 128
  },
  "results": {
    "bsz_1": {
      "latency_ms": 0.23552000522613525,
      "tflops": 4.559025985792772,
      "config": [
        64,
        64,
        16,
        1,
        128
      ],
      "ref_latency_ms": 0.5592063665390015
    },
    "bsz_2": {
      "latency_ms": 0.4208639860153198,
      "tflops": 2.5512798901280065,
      "config": [
        64,
        64,
        64,
        1,
        128
      ],
      "ref_latency_ms": 2.6797051429748535
    },
    "bsz_4": {
      "latency_ms": 0.7331839799880981,
      "tflops": 1.4644916600843219,
      "config": [
        64,
        64,
        32,
        1,
        128
      ],
      "ref_latency_ms": 5.2675580978393555
    },
    "bsz_8": {
      "latency_ms": 1.4039039611816406,
      "tflops": 0.7648256958376632,
      "config": [
        64,
        64,
        16,
        1,
        128
      ],
      "ref_latency_ms": 10.457906723022461
    }
  }
}